Platform,Primary Use,Monthly Price (USD),Annual Price (USD),Free Tier Available,AI Writing,Free Trial,Database Size,Per-Use Fees,Highest Rated For
Instrumentl,Grant Discovery,$299–$499,"$9,900+",No,Yes (Advanced tier only),14 days,Not specified,No,Professional grant discovery platform
OpenGrants,Discovery + AI Assistance,$29/user/month,228/user/year,Yes (limited),Yes - AI chatbot,7 days,15000+ funder profiles,Yes - 20% marketplace fee,AI recommendations and discovery
GrantWatch,Grant Discovery,$45/month,$199/year,No,Yes - AI writing tool,No,Not specified,No,Affordable database access
Granted AI,AI Grant Writing,$57/month (annual billing),~$684/year,No,Yes,Yes,Not specified,No,AI writing with win guarantee
Grants.gov,Federal Grant Discovery,Free,Free,Yes (all users),No,N/A,Federal opportunities only,No,Comprehensive federal grants database
Candid Foundation Directory Online,Grant Discovery - Foundations,$36–$220/month,"$449–$1,599/year",Yes (via libraries/community foundations),No,Free access available,235000+ foundations; 22.5M+ grants (Professional); 2M+ recipient profiles,No,Extensive foundation and grant data
GrantStation,Grant Discovery,$699/year (regular); $95–$169/year (with partnerships),"$699/year ($95–$169 with partnerships)",No,No,No,"150,000+ funding profiles; 15,000+ curated grants",No,Best value with nonprofit partnerships
Submittable,Grant Management (funder-side),"Custom (Starter, Professional, Enterprise)","Custom (Starter, Professional, Enterprise)",No,No,No,N/A - management platform,Possible - implementation costs vary,Grant management for funders and foundations
Fluxx - Grantseeker,Grant Management/Discovery,Free–$40/month,Free–$480/year,Yes (Grantseeker Free),No,N/A,Not specified,No,Free grant management for nonprofits
Fluxx - Grantmaker,Grant Management (funder-side),Custom,Custom,No,No,N/A,N/A,No,Foundation grant management
Grantable,AI Grant Writing,Free–$99/month,"Free–$1,068/year",Yes,Yes,7 days,Proprietary funder intelligence,No (uses AI writes limit),Best free tier; lowest cost professional option
Grantboost,AI Grant Writing,Free–$30/month,Free–$200/year,Yes,Yes,Free plan available,Not specified,No,Most affordable paid AI writing tool
Grant Assistant,AI Discovery + Writing,Custom,Custom,No,Yes,Likely available,Trained on 7000+ successful proposals,Unknown,Most advanced AI training (7000+ proposals)
Kindsight Grant Writer,AI Grant Writing (add-on),Custom,Custom,No,Yes,Free trial available,Grants Plus consulting database,Unknown,Newest launch - integrated with Kindsight platform (March 2025)
